{
  "user": [
    {
      "id": "yash",
      "name": "yash suthar",
      "password": "123455667",
      "email": "yash@gmail.com",
      "phone": "8511913213",
      "country": "India",
      "address": "ahmedabad",
      "gender": "male"
    },
    {
      "id": "rakesh",
      "name": "raklo",
      "password": "sdsdsdsd",
      "email": "ererr@gmail.com",
      "phone": "dsdsdf",
      "country": "India",
      "address": "dsvdsvsv",
      "gender": "male"
    },
    {
      "id": "Jainam",
      "name": "jainam patel",
      "password": "1234567",
      "email": "Jp@gmail.com",
      "phone": "98765433",
      "country": "India",
      "address": "manipur",
      "gender": "male"
    },
    {
      "id": "pawan7",
      "name": "pawah shah",
      "password": "pawan123",
      "email": "ppshah1@gmail.comq",
      "phone": "9898989898",
      "country": "usa",
      "address": "new york",
      "gender": "male"
    },
    {
      "id": "vishal",
      "name": "vishal patel",
      "password": "92837465",
      "email": "vvpatel@gmail.com",
      "phone": "09876543",
      "country": "India",
      "address": "rajkot",
      "gender": "male"
    },
    {
      "id": "vinay",
      "name": "vinay patel",
      "password": "1234567899",
      "email": "vinayp@yah00.com",
      "phone": "01928374",
      "country": "singapore",
      "address": "home",
      "gender": "male"
    },
    {
      "id": "vishwa",
      "name": "Vishwa Gajjar",
      "password": "99999",
      "email": "vishwa@gmail.com",
      "phone": "7089897645",
      "country": "singapore",
      "address": "Singapore",
      "gender": "female"
    },
    {
      "id": "Rutvi12",
      "name": "Rutvi vora",
      "password": "123456789",
      "email": "Rutvi@12gmail.com",
      "phone": "987654321",
      "country": "usa",
      "address": "Surart",
      "gender": "female"
    },
    {
      "id": "neel1",
      "name": "Neel shah",
      "password": "99999",
      "email": "shahneel@gmail.com",
      "phone": "987898990",
      "country": "usa",
      "address": "use",
      "gender": "male"
    },
    {
      "id": "ketan7",
      "name": "ketan Suthar",
      "password": "123456789",
      "email": "kks@gmail.com",
      "phone": "987654321",
      "country": "singapore",
      "address": "Vadodara",
      "gender": "male"
    },
    {
      "id": "parth7",
      "name": "parth shah",
      "password": "34567890",
      "email": "pps@gmail.com",
      "phone": "8765443212",
      "country": "India",
      "address": "ahmedabad",
      "gender": "male"
    },
    {
      "id": "krish10",
      "name": "Krish patel",
      "password": "12345",
      "email": "krish@gmail.com",
      "phone": "9877899870",
      "country": "singapore",
      "address": "singapore",
      "gender": "male"
    }
  ]
}